timestamp,level,module,message
2024-12-14T10:47 - INFO - cli.py buddhism loaded successfully.
2024-12-14T10:47 - INFO - cli.py buddhism loaded successfully.
2024-12-14T10:47 - INFO - cli.py bujo loaded successfully.
2024-12-14T10:47 - INFO - cli.py bujo loaded successfully.
2024-12-14T10:47 - INFO - cli.py h loaded successfully.
2024-12-14T10:47 - INFO - cli.py h loaded successfully.
2024-12-14T10:47 - INFO - cli.py i loaded successfully.
2024-12-14T10:47 - INFO - cli.py i loaded successfully.
2024-12-14T10:47 - INFO - cli.py m loaded successfully.
2024-12-14T10:47 - INFO - cli.py m loaded successfully.
2024-12-14T10:47 - INFO - cli.py s loaded successfully.
2024-12-14T10:47 - INFO - cli.py s loaded successfully.
2024-12-14T10:47 - INFO - cli.py s loaded successfully.
2024-12-14T10:47 - INFO - cli.py s
2024-12-14T10:47 - INFO - Loading command: s
2024-12-14T10:47 - INFO - cli.py s loaded successfully.
2024-12-14T10:47 - INFO - cli.py s
2024-12-14T10:47 - INFO - cli.py s s
2024-12-14T10:47 - INFO - Loading command: s
2024-12-19T17:33 - INFO - cli.py bujo loaded successfully.
2024-12-19T17:33 - INFO - cli.py bujo loaded successfully.
2024-12-19T17:33 - INFO - cli.py bujo
2024-12-19T17:33 - INFO - cli.py bujo
2024-12-19T17:33 - INFO - cli.py bujo bujo
2024-12-19T17:33 - INFO - cli.py bujo bujo
2024-12-19T17:33 - INFO - Loading command: bujo
2024-12-19T17:33 - INFO - Loading command: bujo
2024-12-19T18:04 - INFO - cli.py buddhism loaded successfully.
2024-12-19T18:04 - INFO - cli.py buddhism loaded successfully.
2024-12-19T18:04 - INFO - cli.py bujo loaded successfully.
2024-12-19T18:04 - INFO - cli.py bujo loaded successfully.
2024-12-19T18:04 - INFO - cli.py h loaded successfully.
2024-12-19T18:04 - INFO - cli.py h loaded successfully.
2024-12-19T18:04 - INFO - cli.py i loaded successfully.
2024-12-19T18:04 - INFO - cli.py i loaded successfully.
2024-12-19T18:04 - INFO - cli.py m loaded successfully.
2024-12-19T18:04 - INFO - cli.py m loaded successfully.
2024-12-19T18:04 - INFO - cli.py s loaded successfully.
2024-12-19T18:04 - INFO - cli.py s loaded successfully.
2024-12-19T18:04 - INFO - cli.py h loaded successfully.
2024-12-19T18:04 - INFO - cli.py h
2024-12-19T18:04 - INFO - Loading command: h
2024-12-19T18:04 - INFO - cli.py buddhism loaded successfully.
2024-12-19T18:04 - INFO - cli.py buddhism loaded successfully.
2024-12-19T18:04 - INFO - cli.py bujo loaded successfully.
2024-12-19T18:04 - INFO - cli.py bujo loaded successfully.
2024-12-19T18:04 - INFO - cli.py h loaded successfully.
2024-12-19T18:04 - INFO - cli.py h loaded successfully.
2024-12-19T18:04 - INFO - cli.py i loaded successfully.
2024-12-19T18:04 - INFO - cli.py i loaded successfully.
2024-12-19T18:04 - INFO - cli.py m loaded successfully.
2024-12-19T18:04 - INFO - cli.py m loaded successfully.
2024-12-19T18:04 - INFO - cli.py s loaded successfully.
2024-12-19T18:04 - INFO - cli.py s loaded successfully.
2024-12-19T18:04 - INFO - cli.py s loaded successfully.
2024-12-19T18:04 - INFO - cli.py s
2024-12-19T18:04 - INFO - Loading command: s
2024-12-19T18:04 - INFO - cli.py s loaded successfully.
2024-12-19T18:04 - INFO - cli.py s
2024-12-19T18:04 - INFO - cli.py s s
2024-12-19T18:04 - INFO - Loading command: s
2025-01-10T13:36 - INFO - cli.py h loaded successfully.
2025-01-10T13:36 - INFO - cli.py h
2025-01-10T13:36 - INFO - Loading command: h
2025-01-10T13:36 - INFO - cli.py h loaded successfully.
2025-01-10T13:36 - INFO - cli.py h
2025-01-10T13:36 - INFO - cli.py h h
2025-01-10T13:36 - INFO - Loading command: h
2025-01-10T13:37 - INFO - cli.py h loaded successfully.
2025-01-10T13:37 - INFO - cli.py h
2025-01-10T13:37 - INFO - Loading command: h
2025-01-10T13:37 - INFO - cli.py h loaded successfully.
2025-01-10T13:37 - INFO - cli.py h
2025-01-10T13:37 - INFO - cli.py h h
2025-01-10T13:37 - INFO - Loading command: h
2025-01-14T12:32 - INFO - cli.py bujo loaded successfully.
2025-01-14T12:32 - INFO - cli.py bujo loaded successfully.
2025-01-14T12:32 - INFO - cli.py bujo
2025-01-14T12:32 - INFO - cli.py bujo
2025-01-14T12:32 - INFO - cli.py bujo bujo
2025-01-14T12:32 - INFO - cli.py bujo bujo
2025-01-14T12:32 - INFO - Loading command: bujo
2025-01-14T12:32 - INFO - Loading command: bujo
